group	best_threshpld	f1-score
0	0.48003999999999963	0.631578947368421
1	0.48003999999999963	0.6666666666666665
2	0.6297399999999995	0.28571428571428575
3	0.001	0.4
4	0.4201599999999997	0.4347826086956522
